Piston, Wossner for Suzuki DR-Z 400, 202.05, 0.25
Piston, Vertex for Suzuki DR-Z 400, 252.05, 0.25
Piston, Prox for Suzuki DR-Z 400, 192.05, 0.25
Crank, Wossner for Suzuki DR-Z 400, 202.05, 0.15
Crank, Vertex for Suzuki DR-Z 400, 252.05, 0.15
Crank, Prox for Suzuki DR-Z 400, 192.05, 0.15
Gearbox, for Subaru Forester 2.5T, 202.05, 0.35
Gearbox, for Toyota Tundra 5.7, 252.05, 0.35
Gearbox, for Jeep Cherokee 4.0, 192.05, 0.35
Fuel pump, for Fiat Doblo 1.6, 202.05, 0.45
Fuel pump, for Mazda RX-8, 252.05, 0.45
Fuel pump, for Suzuki Swift, 192.05, 0.45
Head gasket, for Opel Omega V6, 202.05, 0.15
Head gasket, for Dodge Charger, 252.05, 0.15
Head gasket, for Opel Vivaro, 192.05, 0.15